<?xml version="1.0"?>
<cTrade xmlns:xsi="http://www.w3.org/2001/XMLSchema-instance" xmlns:xsd="http://www.w3.org/2001/XMLSchema">
  <AutoTradeAtivo>true</AutoTradeAtivo>
  <blacklistPares>NPXS;</blacklistPares>
  <lBlacklistPares>
    <string>NPXS</string>
  </lBlacklistPares>
  <blacklistSetups>1;2;3;4;5;6;7;8;9;10;11;12;</blacklistSetups>
  <lBlacklistSetups>
    <int>1</int>
    <int>2</int>
    <int>3</int>
    <int>4</int>
    <int>5</int>
    <int>6</int>
    <int>7</int>
    <int>8</int>
    <int>9</int>
    <int>10</int>
    <int>11</int>
    <int>12</int>
  </lBlacklistSetups>
  <MaximoDeSinaisGlobal>1</MaximoDeSinaisGlobal>
  <EnviarMsgDeEntradaViaTelegram>true</EnviarMsgDeEntradaViaTelegram>
  <OperarComBTC>true</OperarComBTC>
  <MaximoDeSinaisBTC>1</MaximoDeSinaisBTC>
  <dLoteBTC>0.0021</dLoteBTC>
  <MetodoEntradaBTC>1</MetodoEntradaBTC>
  <EntradaBTCLimitadaPC>0.7</EntradaBTCLimitadaPC>
  <EntradaBTCMercadoPC>0.7</EntradaBTCMercadoPC>
  <MetodoSaidaBTC>20</MetodoSaidaBTC>
  <SaidaBTC5Alvo>1</SaidaBTC5Alvo>
  <SaidaBTC5Estilo>0</SaidaBTC5Estilo>
  <SaidaBTC3Distancia>3</SaidaBTC3Distancia>
  <SaidaBTC6Alvo>2</SaidaBTC6Alvo>
  <OperarComUSDT>true</OperarComUSDT>
  <MaximoDeSinaisUSDT>1</MaximoDeSinaisUSDT>
  <dLoteUSDT>21.00</dLoteUSDT>
  <MetodoEntradaUSDT>1</MetodoEntradaUSDT>
  <EntradaUSDTLimitadaPC>0.7</EntradaUSDTLimitadaPC>
  <EntradaUSDTMercadoPC>0.7</EntradaUSDTMercadoPC>
  <MetodoSaidaUSDT>20</MetodoSaidaUSDT>
  <SaidaUSDT5Alvo>1</SaidaUSDT5Alvo>
  <SaidaUSDT5Estilo>0</SaidaUSDT5Estilo>
  <SaidaUSDT3Distancia>2</SaidaUSDT3Distancia>
  <SaidaUSDT6Alvo>2</SaidaUSDT6Alvo>
</cTrade>