﻿<?xml version="1.0"?>
<doc>
<assembly>
<name>
liteTrade
</name>
</assembly>
<members>
<member name="T:liteTrade.My.Resources.Resources">
<summary>
  Uma classe de recurso de tipo de alta segurança, para pesquisar cadeias de caracteres localizadas etc.
</summary>
</member>
<member name="P:liteTrade.My.Resources.Resources.ResourceManager">
<summary>
  Retorna a instância de ResourceManager armazenada em cache usada por essa classe.
</summary>
</member>
<member name="P:liteTrade.My.Resources.Resources.Culture">
<summary>
  Substitui a propriedade CurrentUICulture do thread atual para todas as
  pesquisas de recursos que usam essa classe de recurso de tipo de alta segurança.
</summary>
</member>
<member name="P:liteTrade.My.Resources.Resources.LiteTrade_icon2">
<summary>
  Consulta um recurso localizado do tipo System.Drawing.Icon semelhante a (Ícone).
</summary>
</member>
<member name="F:liteTrade.Trades.MonitorProperty.Pair">
 <summary>
 Contains exchange Pair for trade. ex: ADABTC
 </summary>
</member>
<member name="F:liteTrade.Trades.MonitorProperty.MandatoryCoin">
 <summary>
 Number of decimal cases is permited ex: BTC
 </summary>
</member>
<member name="F:liteTrade.Trades.MonitorProperty.AltCoin">
 <summary>
 Alternative coin in Pair trades ex:ADA
 </summary>
</member>
<member name="F:liteTrade.Trades.MonitorProperty.Rules">
 <summary>
 Exchange rules for this pair
 </summary>
</member>
<member name="F:liteTrade.Trades.RegrasBinance.Pair">
 <summary>
 PairRules ex: ETHBTC
 </summary>
</member>
<member name="F:liteTrade.Trades.RegrasBinance.MandatoryCoin">
 <summary>
 ex: BTC
 </summary>
</member>
<member name="F:liteTrade.Trades.RegrasBinance.MandatoryCoinMaxPrice">
 <summary>
 MaxPricePermited ex: 10000.00000
 </summary>
</member>
<member name="F:liteTrade.Trades.RegrasBinance.MandatoryCoinMinimumPrice">
 <summary>
 MinPricePermited ex: 0.000001
 </summary>
</member>
<member name="F:liteTrade.Trades.RegrasBinance.MandatoryCoinMinimumVariance">
 <summary>
 MinTickSizePermited ex:0.000001
 </summary>
</member>
<member name="F:liteTrade.Trades.RegrasBinance.Altcoin">
 <summary>
 ex: ETH
 </summary>
</member>
<member name="F:liteTrade.Trades.RegrasBinance.AltCoinMaxQuantity">
 <summary>
 MaxQuantityPermited ex:10000.0000000
 </summary>
</member>
<member name="F:liteTrade.Trades.RegrasBinance.AltCoinMinimumQuantity">
 <summary>
 ex:0.001
 </summary>
</member>
<member name="F:liteTrade.Trades.RegrasBinance.AltCoinCoinMinimumVariance">
 <summary>
 ex:0.001
 </summary>
</member>
<member name="F:liteTrade.Trades.RegrasBinance.TotalMinimumValue">
 <summary>
 MandatoryCoin Price * AltcoinQuantity cannot be less then ex: 0.001
 </summary>
</member>
<member name="F:liteTrade.Trades.RegrasBinance.MandatoryCoinDecimalCases">
 <summary>
 minimal decimal cases permited on variance ex:6
 </summary>
</member>
<member name="F:liteTrade.Trades.RegrasBinance.AltCoinDecimalCases">
 <summary>
 ex:3
 </summary>
</member>
</members>
</doc>
